cik,ticker,name,exchange,to_captured_at,cause_old,cause_after_fixes,verified_cause,correct_after_fixes,evidence_forms_new,superseded_by,edgar_url,note
0001407591,MSTO,Masterbeat Corp,OTC,2024-06-28T22:24:13+00:00,UNKNOWN,UNKNOWN,UNKNOWN,True,,,https://www.sec.gov/cgi-bin/browse-edgar?action=getcompany&CIK=0001407591&type=&dateb=&owner=include&count=40,"dormant shell, last filing 2023 — correct as UNKNOWN; needs DORMANT label"
0001502966,DIGP,"Hypha Labs, Inc.",OTC,2024-09-27T01:21:15+00:00,UNKNOWN,SYMBOL_CHANGED,SYMBOL_CHANGED,True,,FUNI,https://www.sec.gov/cgi-bin/browse-edgar?action=getcompany&CIK=0001502966&type=&dateb=&owner=include&count=40,renamed Hypha Labs → FUNI; deferred symbol change
0001874113,REAI,Renewable Energy Acquisition Corp. /DE/,Nasdaq,2024-04-25T03:34:01+00:00,UNKNOWN,UNKNOWN,UNKNOWN,True,,,https://www.sec.gov/cgi-bin/browse-edgar?action=getcompany&CIK=0001874113&type=&dateb=&owner=include&count=40,dormant shell
0000849636,RSPI,RespireRx Pharmaceuticals Inc.,OTC,2025-04-29T19:04:04+00:00,UNKNOWN,UNKNOWN,UNKNOWN,True,,,https://www.sec.gov/cgi-bin/browse-edgar?action=getcompany&CIK=0000849636&type=&dateb=&owner=include&count=40,"OTC, still filing; cause not in 8-K items"
0002040733,GLSA,Green Solar Energy Ltd,,2026-07-16T16:18:18+00:00,UNKNOWN,UNKNOWN,UNKNOWN,True,,,https://www.sec.gov/cgi-bin/browse-edgar?action=getcompany&CIK=0002040733&type=&dateb=&owner=include&count=40,dormant
0001475011,JBAXY,Julius Baer Group Ltd.,OTC,2025-06-21T16:46:09+00:00,UNKNOWN,UNKNOWN,UNKNOWN,True,,,https://www.sec.gov/cgi-bin/browse-edgar?action=getcompany&CIK=0001475011&type=&dateb=&owner=include&count=40,"ADR, files 6-K — blind spot"
0002041340,HHZK,HONG XIANG HUI ZHI HOLDINGS LTD.,,2025-01-11T13:59:10+00:00,UNKNOWN,UNKNOWN,UNKNOWN,True,,,https://www.sec.gov/cgi-bin/browse-edgar?action=getcompany&CIK=0002041340&type=&dateb=&owner=include&count=40,OTC
0000919175,SGMD,"Sugarmade, Inc.",OTC,2025-03-19T14:43:34+00:00,UNKNOWN,UNKNOWN,UNKNOWN,True,,,https://www.sec.gov/cgi-bin/browse-edgar?action=getcompany&CIK=0000919175&type=&dateb=&owner=include&count=40,dormant shell
0001313536,SOHOB,SOTHERLY HOTELS LP,,2026-07-16T16:18:18+00:00,UNKNOWN,MERGER_ACQUISITION,MERGER_ACQUISITION,True,8-K,,https://www.sec.gov/cgi-bin/browse-edgar?action=getcompany&CIK=0001313536&type=&dateb=&owner=include&count=40,parent's 8-K carries 2.01+3.01+5.01: completed going-private
0000723269,IRNS,"IRONSTONE PROPERTIES, INC.",OTC,2024-09-18T00:31:01+00:00,UNKNOWN,UNKNOWN,UNKNOWN,True,,,https://www.sec.gov/cgi-bin/browse-edgar?action=getcompany&CIK=0000723269&type=&dateb=&owner=include&count=40,"OTC, still filing"
0002035964,SFDX,"SFIDA X, Inc.",,2025-04-29T19:04:04+00:00,UNKNOWN,UNKNOWN,UNKNOWN,True,,,https://www.sec.gov/cgi-bin/browse-edgar?action=getcompany&CIK=0002035964&type=&dateb=&owner=include&count=40,dormant
0001008653,EMAX,"Ecomax, Inc",OTC,2025-03-19T14:43:34+00:00,UNKNOWN,UNKNOWN,UNKNOWN,True,,,https://www.sec.gov/cgi-bin/browse-edgar?action=getcompany&CIK=0001008653&type=&dateb=&owner=include&count=40,dormant
0001837344,MBTCR,Nocturne Acquisition Corp,Nasdaq,2024-04-22T12:49:25+00:00,EXCHANGE_DELISTING,EXCHANGE_DELISTING,EXCHANGE_DELISTING,True,"15-12G,25-NSE,8-K",,https://www.sec.gov/cgi-bin/browse-edgar?action=getcompany&CIK=0001837344&type=&dateb=&owner=include&count=40,SPAC liquidation; 25-NSE + 3.01
0001708331,VRPX,"Virpax Pharmaceuticals, Inc.",OTC,2026-01-08T02:23:29+00:00,EXCHANGE_DELISTING,EXCHANGE_DELISTING,EXCHANGE_DELISTING,True,25-NSE,,https://www.sec.gov/cgi-bin/browse-edgar?action=getcompany&CIK=0001708331&type=&dateb=&owner=include&count=40,25-NSE
0000933267,IRS-WT,IRSA INVESTMENTS & REPRESENTATIONS INC,NYSE,2026-07-16T16:18:18+00:00,EXCHANGE_DELISTING,EXCHANGE_DELISTING,EXCHANGE_DELISTING,True,25-NSE,,https://www.sec.gov/cgi-bin/browse-edgar?action=getcompany&CIK=0000933267&type=&dateb=&owner=include&count=40,"25-NSE, warrants expired"
0001780531,OCFT,"ONECONNECT FINANCIAL TECHNOLOGY CO., LTD.",NYSE,2025-12-06T23:33:16+00:00,EXCHANGE_DELISTING,EXCHANGE_DELISTING,MERGER_ACQUISITION,False,"15-12G,25-NSE",,https://www.sec.gov/cgi-bin/browse-edgar?action=getcompany&CIK=0001780531&type=&dateb=&owner=include&count=40,"taken private by Ping An; foreign issuer, no 8-K 2.01 — labelled EXCHANGE_DELISTING (partial)"
0001879221,UTAWF,UTA Acquisition Corp,OTC,2024-02-01T18:00:27+00:00,EXCHANGE_DELISTING,EXCHANGE_DELISTING,EXCHANGE_DELISTING,True,"15-12G,25-NSE",,https://www.sec.gov/cgi-bin/browse-edgar?action=getcompany&CIK=0001879221&type=&dateb=&owner=include&count=40,SPAC liquidation
0000851170,MCR,MFS CHARTER INCOME TRUST,NYSE,2026-07-16T16:18:18+00:00,EXCHANGE_DELISTING,EXCHANGE_DELISTING,EXCHANGE_DELISTING,True,25-NSE,,https://www.sec.gov/cgi-bin/browse-edgar?action=getcompany&CIK=0000851170&type=&dateb=&owner=include&count=40,closed-end fund reorganisation; 25-NSE (partial)
0001840425,BLACU,Bellevue Life Sciences Acquisition Corp.,Nasdaq,2025-03-19T14:43:34+00:00,MERGER_ACQUISITION,MERGER_ACQUISITION,MERGER_ACQUISITION,True,"25-NSE,8-K",OSRH,https://www.sec.gov/cgi-bin/browse-edgar?action=getcompany&CIK=0001840425&type=&dateb=&owner=include&count=40,"de-SPAC, units removed"
0001856948,CHEAU,Chenghe Acquisition Co.,Nasdaq,2024-03-01T13:29:50+00:00,MERGER_ACQUISITION,MERGER_ACQUISITION,MERGER_ACQUISITION,True,"15-12G,25-NSE,8-K",,https://www.sec.gov/cgi-bin/browse-edgar?action=getcompany&CIK=0001856948&type=&dateb=&owner=include&count=40,de-SPAC
0001274173,JHG,JANUS HENDERSON GROUP PLC,NYSE,2026-07-16T16:18:18+00:00,MERGER_ACQUISITION,MERGER_ACQUISITION,MERGER_ACQUISITION,True,"15-12G,25-NSE,8-K",,https://www.sec.gov/cgi-bin/browse-edgar?action=getcompany&CIK=0001274173&type=&dateb=&owner=include&count=40,taken private; 2.01 + 15-12G
0001624794,CSWI,"CSW INDUSTRIALS, INC.",Nasdaq,2025-07-04T16:01:38+00:00,MERGER_ACQUISITION,EXCHANGE_TRANSFER,EXCHANGE_TRANSFER,True,"25,8-K",CSW,https://www.sec.gov/cgi-bin/browse-edgar?action=getcompany&CIK=0001624794&type=&dateb=&owner=include&count=40,moved Nasdaq → NYSE as CSW; 2.01 was as acquirer
0001779020,DNMRQ,"Danimer Scientific, Inc.",OTC,2025-08-19T02:13:05+00:00,BANKRUPTCY,BANKRUPTCY,BANKRUPTCY,True,8-K,,https://www.sec.gov/cgi-bin/browse-edgar?action=getcompany&CIK=0001779020&type=&dateb=&owner=include&count=40,1.03
0001826671,NIR,"Near Intelligence, Inc.",Nasdaq,2024-01-12T05:18:17+00:00,BANKRUPTCY,BANKRUPTCY,BANKRUPTCY,True,"25-NSE,8-K",NIRLQ,https://www.sec.gov/cgi-bin/browse-edgar?action=getcompany&CIK=0001826671&type=&dateb=&owner=include&count=40,1.03
0000748790,GCEHQ,"Global Clean Energy Holdings, Inc.",OTC,2025-08-19T02:13:05+00:00,BANKRUPTCY,BANKRUPTCY,BANKRUPTCY,True,"15-12G,8-K",,https://www.sec.gov/cgi-bin/browse-edgar?action=getcompany&CIK=0000748790&type=&dateb=&owner=include&count=40,1.03
0001934064,OSAP,"ProSomnus, Inc.",,2024-05-30T20:48:53+00:00,BANKRUPTCY,BANKRUPTCY,BANKRUPTCY,True,"25-NSE,8-K",OSAPW,https://www.sec.gov/cgi-bin/browse-edgar?action=getcompany&CIK=0001934064&type=&dateb=&owner=include&count=40,1.03
0001852633,PNSTW,"Pinstripes Holdings, Inc.",OTC,2025-12-06T23:33:16+00:00,DEREGISTRATION,DEREGISTRATION,DEREGISTRATION,True,15-12G,,https://www.sec.gov/cgi-bin/browse-edgar?action=getcompany&CIK=0001852633&type=&dateb=&owner=include&count=40,"15-12G, warrants"
0001446371,SGIC,"Strategic Realty Trust, Inc.",OTC,2025-04-29T19:04:04+00:00,DEREGISTRATION,DEREGISTRATION,DEREGISTRATION,True,15-12G,,https://www.sec.gov/cgi-bin/browse-edgar?action=getcompany&CIK=0001446371&type=&dateb=&owner=include&count=40,15-12G
0001697834,STMH,"Stem Holdings, Inc.",OTC,2024-12-07T10:58:54+00:00,DEREGISTRATION,DEREGISTRATION,DEREGISTRATION,True,15-12G,,https://www.sec.gov/cgi-bin/browse-edgar?action=getcompany&CIK=0001697834&type=&dateb=&owner=include&count=40,15-12G
0001879814,TLGWF,TLGY ACQUISITION CORP,OTC,2026-07-16T16:18:18+00:00,DEREGISTRATION,DEREGISTRATION,DEREGISTRATION,True,15-12G,,https://www.sec.gov/cgi-bin/browse-edgar?action=getcompany&CIK=0001879814&type=&dateb=&owner=include&count=40,"SPAC liquidation, 15-12G"
